Image,Label
0.jpg,1
1.jpg,0
10.jpg,0
100.jpg,0
101.jpg,0
102.jpg,0
103.jpg,1
104.jpg,1
105.jpg,0
106.jpg,0
107.jpg,0
108.jpg,0
109.jpg,1
11.jpg,1
110.jpg,0
111.jpg,0
112.jpg,0
113.jpg,0
114.jpg,0
115.jpg,1
116.jpg,1
117.jpg,1
118.jpg,0
119.jpg,1
12.jpg,1
120.jpg,0
121.jpg,1
122.jpg,0
123.jpg,1
124.jpg,0
125.jpg,0
126.jpg,1
127.jpg,0
128.jpg,1
129.jpg,0
13.jpg,1
130.jpg,1
131.jpg,1
132.jpg,0
133.jpg,1
134.jpg,0
135.jpg,1
136.jpg,1
137.jpg,1
138.jpg,0
139.jpg,1
14.jpg,0
140.jpg,0
141.jpg,0
142.jpg,0
143.jpg,0
144.jpg,0
145.jpg,0
146.jpg,0
147.jpg,1
148.jpg,1
149.jpg,0
15.jpg,1
150.jpg,0
151.jpg,1
152.jpg,1
153.jpg,1
154.jpg,0
155.jpg,1
156.jpg,0
157.jpg,0
158.jpg,0
159.jpg,1
16.jpg,1
160.jpg,1
161.jpg,0
162.jpg,0
163.jpg,1
164.jpg,0
165.jpg,1
166.jpg,1
167.jpg,0
168.jpg,1
169.jpg,1
17.jpg,0
170.jpg,1
171.jpg,1
172.jpg,1
173.jpg,0
174.jpg,1
175.jpg,0
176.jpg,0
177.jpg,1
178.jpg,1
179.jpg,0
18.jpg,0
180.jpg,0
181.jpg,1
182.jpg,0
183.jpg,1
184.jpg,1
185.jpg,0
186.jpg,0
187.jpg,0
188.jpg,0
189.jpg,0
19.jpg,0
190.jpg,1
191.jpg,0
192.jpg,1
193.jpg,1
194.jpg,0
195.jpg,0
196.jpg,1
197.jpg,0
198.jpg,0
199.jpg,0
2.jpg,1
20.jpg,0
200.jpg,1
201.jpg,0
202.jpg,0
203.jpg,1
204.jpg,0
205.jpg,0
206.jpg,0
207.jpg,0
208.jpg,0
209.jpg,1
21.jpg,1
210.jpg,0
211.jpg,0
212.jpg,1
213.jpg,1
214.jpg,1
215.jpg,0
216.jpg,1
217.jpg,0
218.jpg,1
219.jpg,1
22.jpg,1
220.jpg,1
221.jpg,0
222.jpg,0
223.jpg,0
224.jpg,1
225.jpg,1
226.jpg,0
227.jpg,0
228.jpg,0
229.jpg,1
23.jpg,0
230.jpg,1
231.jpg,0
232.jpg,0
233.jpg,0
234.jpg,0
235.jpg,0
236.jpg,1
237.jpg,1
238.jpg,0
239.jpg,1
24.jpg,1
240.jpg,1
241.jpg,1
242.jpg,1
243.jpg,0
244.jpg,1
245.jpg,0
246.jpg,0
247.jpg,0
248.jpg,0
249.jpg,1
25.jpg,0
250.jpg,0
251.jpg,1
252.jpg,0
253.jpg,1
254.jpg,0
255.jpg,1
256.jpg,0
257.jpg,1
258.jpg,0
259.jpg,1
26.jpg,0
260.jpg,1
261.jpg,1
262.jpg,1
263.jpg,1
264.jpg,1
265.jpg,0
266.jpg,0
267.jpg,0
268.jpg,1
269.jpg,1
27.jpg,0
270.jpg,1
271.jpg,1
272.jpg,0
273.jpg,1
274.jpg,1
275.jpg,1
276.jpg,1
277.jpg,1
278.jpg,1
279.jpg,1
28.jpg,1
280.jpg,1
281.jpg,0
282.jpg,1
283.jpg,1
284.jpg,1
285.jpg,0
286.jpg,0
287.jpg,0
288.jpg,0
289.jpg,0
29.jpg,0
290.jpg,0
291.jpg,1
292.jpg,0
293.jpg,1
294.jpg,0
295.jpg,1
296.jpg,0
297.jpg,0
298.jpg,1
299.jpg,1
3.jpg,1
30.jpg,0
300.jpg,0
301.jpg,0
302.jpg,1
303.jpg,0
304.jpg,0
305.jpg,0
306.jpg,0
307.jpg,1
308.jpg,0
309.jpg,0
31.jpg,0
310.jpg,1
311.jpg,0
312.jpg,0
313.jpg,1
314.jpg,1
315.jpg,0
316.jpg,1
317.jpg,0
318.jpg,1
319.jpg,1
32.jpg,1
320.jpg,1
321.jpg,1
322.jpg,0
323.jpg,1
324.jpg,1
325.jpg,0
326.jpg,1
327.jpg,0
328.jpg,1
329.jpg,1
33.jpg,0
330.jpg,1
331.jpg,0
332.jpg,0
333.jpg,0
334.jpg,0
335.jpg,0
336.jpg,1
337.jpg,1
338.jpg,0
339.jpg,0
34.jpg,0
340.jpg,0
341.jpg,1
342.jpg,0
343.jpg,0
344.jpg,0
345.jpg,1
346.jpg,0
347.jpg,0
348.jpg,1
349.jpg,0
35.jpg,1
350.jpg,0
351.jpg,1
352.jpg,0
353.jpg,1
354.jpg,0
355.jpg,0
356.jpg,1
357.jpg,0
358.jpg,0
359.jpg,1
36.jpg,1
360.jpg,1
361.jpg,0
362.jpg,1
363.jpg,1
364.jpg,0
365.jpg,0
366.jpg,0
367.jpg,0
368.jpg,1
369.jpg,0
37.jpg,1
370.jpg,1
371.jpg,0
372.jpg,0
373.jpg,1
374.jpg,1
375.jpg,0
376.jpg,0
377.jpg,1
378.jpg,1
379.jpg,0
38.jpg,0
380.jpg,0
381.jpg,1
382.jpg,1
383.jpg,1
384.jpg,0
385.jpg,0
386.jpg,1
387.jpg,0
388.jpg,0
389.jpg,0
39.jpg,0
390.jpg,0
391.jpg,0
392.jpg,0
393.jpg,0
394.jpg,0
395.jpg,1
396.jpg,1
397.jpg,0
398.jpg,1
399.jpg,0
4.jpg,0
40.jpg,1
41.jpg,1
42.jpg,1
43.jpg,0
44.jpg,0
45.jpg,0
46.jpg,0
47.jpg,0
48.jpg,0
49.jpg,0
5.jpg,0
50.jpg,0
51.jpg,1
52.jpg,0
53.jpg,0
54.jpg,1
55.jpg,0
56.jpg,1
57.jpg,0
58.jpg,1
59.jpg,1
6.jpg,0
60.jpg,1
61.jpg,0
62.jpg,0
63.jpg,0
64.jpg,0
65.jpg,0
66.jpg,1
67.jpg,1
68.jpg,1
69.jpg,0
7.jpg,0
70.jpg,0
71.jpg,1
72.jpg,0
73.jpg,0
74.jpg,1
75.jpg,1
76.jpg,0
77.jpg,1
78.jpg,1
79.jpg,1
8.jpg,0
80.jpg,0
81.jpg,0
82.jpg,1
83.jpg,1
84.jpg,0
85.jpg,0
86.jpg,0
87.jpg,1
88.jpg,0
89.jpg,1
9.jpg,0
90.jpg,1
91.jpg,1
92.jpg,1
93.jpg,0
94.jpg,1
95.jpg,0
96.jpg,1
97.jpg,0
98.jpg,1
99.jpg,1
